{
	"info": {
		"_postman_id": "2552b87c-5ccb-452c-9085-0379f2ee3de0",
		"name": "l3-dw-tp-php-1-api",
		"schema": "https://schema.getpostman.com/json/collection/v2.1.0/collection.json",
		"_exporter_id": "14268377"
	},
	"item": [
		{
			"name": "continents-list-rewrite",
			"request": {
				"method": "GET",
				"header": [],
				"url": {
					"raw": "http://localhost/L3/Annexes%20TP/TP1_PHP/api/router.php?version=v2&controller=continents&method=list&format=csv",
					"protocol": "http",
					"host": [
						"localhost"
					],
					
					"path": [
						"Annexes%20TP",
						"TP1_PHP",
						"api",
						"router.php"
					],
					"query": [
						{
							"key": "version",
							"value": "v2"
						},
						{
							"key": "controller",
							"value": "continents"
						},
						{
							"key": "method",
							"value": "list"
						},
						{
							"key": "format",
							"value": "csv"
						}
					]
				}
			},
			"response": []
		},
		{
			"name": "continents-read-rewrite",
			"request": {
				"method": "GET",
				"header": [],
				"url": {
					"raw": "http://localhost/L3/Annexes%20TP/TP1_PHP/api/router.php?version=v2&controller=continents&method=read&format=csv&ccode=EU",
					"protocol": "http",
					"host": [
						"localhost"
					],
					
					"path": [
						"Annexes%20TP",
						"TP1_PHP",
						"api",
						"router.php"
					],
					"query": [
						{
							"key": "version",
							"value": "v2"
						},
						{
							"key": "controller",
							"value": "continents"
						},
						{
							"key": "method",
							"value": "read"
						},
						{
							"key": "format",
							"value": "csv"
						},
						{
							"key": "ccode",
							"value": "EU"
						}
					]
				}
			},
			"response": []
		},
		{
			"name": "continents-create-rewrite",
			"request": {
				"method": "POST",
				"header": [],
				"body": {
					"mode": "urlencoded",
					"urlencoded": [
						{
							"key": "ccode",
							"value": "AT",
							"type": "text"
						},
						{
							"key": "cname",
							"value": "Atlantide",
							"type": "text"
						}
					]
				},
				"url": {
					"raw": "http://localhost/L3/Annexes%20TP/TP1_PHP/api/router.php?version=v2&controller=continents&method=create&format=json",
					"protocol": "http",
					"host": [
						"localhost"
					],
					
					"path": [
						"Annexes%20TP",
						"TP1_PHP",
						"api",
						"router.php"
					],
					"query": [
						{
							"key": "version",
							"value": "v2"
						},
						{
							"key": "controller",
							"value": "continents"
						},
						{
							"key": "method",
							"value": "create"
						},
						{
							"key": "format",
							"value": "json"
						}
					]
				}
			},
			"response": []
		},
		{
			"name": "continents-update-rewrite",
			"request": {
				"method": "POST",
				"header": [],
				"body": {
					"mode": "urlencoded",
					"urlencoded": [
						{
							"key": "cname",
							"value": "Eden",
							"type": "text"
						}
					]
				},
				"url": {
					"raw": "http://localhost/L3/Annexes%20TP/TP1_PHP/api/router.php?version=v2&controller=continents&method=update&format=json&ccode=AT",
					"protocol": "http",
					"host": [
						"localhost"
					],
					
					"path": [
						"Annexes%20TP",
						"TP1_PHP",
						"api",
						"router.php"
					],
					"query": [
						{
							"key": "version",
							"value": "v2"
						},
						{
							"key": "controller",
							"value": "continents"
						},
						{
							"key": "method",
							"value": "update"
						},
						{
							"key": "format",
							"value": "json"
						},
						{
							"key": "ccode",
							"value": "AT"
						}
					]
				}
			},
			"response": []
		},
		{
			"name": "continents-delete-rewrite",
			"request": {
				"method": "DELETE",
				"header": [],
				"body": {
					"mode": "urlencoded",
					"urlencoded": []
				},
				"url": {
					"raw": "http://localhost/L3/Annexes%20TP/TP1_PHP/api/router.php?version=v2&controller=continents&method=delete&format=json&ccode=AT",
					"protocol": "http",
					"host": [
						"localhost"
					],
					
					"path": [
						"Annexes%20TP",
						"TP1_PHP",
						"api",
						"router.php"
					],
					"query": [
						{
							"key": "version",
							"value": "v2"
						},
						{
							"key": "controller",
							"value": "continents"
						},
						{
							"key": "method",
							"value": "delete"
						},
						{
							"key": "format",
							"value": "json"
						},
						{
							"key": "ccode",
							"value": "AT"
						}
					]
				}
			},
			"response": []
		},
		{
			"name": "continents-info-rewrite",
			"protocolProfileBehavior": {
				"disableBodyPruning": true
			},
			"request": {
				"method": "GET",
				"header": [],
				"body": {
					"mode": "urlencoded",
					"urlencoded": []
				},
				"url": {
					"raw": "http://localhost/L3/Annexes%20TP/TP1_PHP/api/router.php?version=v2&controller=continents&method=info",
					"protocol": "http",
					"host": [
						"localhost"
					],
					
					"path": [
						"Annexes%20TP",
						"TP1_PHP",
						"api",
						"router.php"
					],
					"query": [
						{
							"key": "version",
							"value": "v2"
						},
						{
							"key": "controller",
							"value": "continents"
						},
						{
							"key": "method",
							"value": "info"
						}
					]
				}
			},
			"response": []
		},
		{
			"name": "countries-redirect-v1-rewrite",
			"protocolProfileBehavior": {
				"disableBodyPruning": true
			},
			"request": {
				"method": "GET",
				"header": [],
				"body": {
					"mode": "urlencoded",
					"urlencoded": []
				},
				"url": {
					"raw": "http://localhost/L3/Annexes%20TP/TP1_PHP/api/router.php?version=v1&controller=countries&method=info",
					"protocol": "http",
					"host": [
						"localhost"
					],
					
					"path": [
						"Annexes%20TP",
						"TP1_PHP",
						"api",
						"router.php"
					],
					"query": [
						{
							"key": "version",
							"value": "v1"
						},
						{
							"key": "controller",
							"value": "countries"
						},
						{
							"key": "method",
							"value": "info"
						}
					]
				}
			},
			"response": []
		}
	]
}